date,dow,iso_year,iso_week,is_payday,festival,festival_ramp,monsoon,is_operating
2026-10-01,3,2026,40,0,,0,0,1
2026-10-02,4,2026,40,0,,0,0,1
2026-10-03,5,2026,40,0,,0,0,1
2026-10-04,6,2026,40,0,,0,0,0
2026-10-05,0,2026,41,0,,0,0,1
2026-10-06,1,2026,41,0,,0,0,1
2026-10-07,2,2026,41,0,,0,0,1
2026-10-08,3,2026,41,0,,0,0,1
2026-10-09,4,2026,41,0,,0,0,1
2026-10-10,5,2026,41,0,,0,0,1
2026-10-11,6,2026,41,0,,0,0,0
2026-10-12,0,2026,42,0,,0,0,1
2026-10-13,1,2026,42,0,,0,0,1
2026-10-14,2,2026,42,0,,0,0,1
2026-10-15,3,2026,42,0,,0,0,1
2026-10-16,4,2026,42,0,,0,0,1
2026-10-17,5,2026,42,0,,0,0,1
2026-10-18,6,2026,42,0,,0,0,0
2026-10-19,0,2026,43,0,,0,0,1
2026-10-20,1,2026,43,0,,0,0,1
2026-10-21,2,2026,43,0,,0,0,1
